[{"title":"Organic Store Checkout","steps":[{"title":"Organic Store Checkout","type":"checkout","meta":{"cartflows_imported_step":["yes"],"wcf-flow-id":["2359"],"wcf-step-type":["checkout"],"enable-to-import":["1"],"wcf_fields_billing":["a:11:{s:18:\"billing_first_name\";a:5:{s:5:\"label\";s:10:\"First name\";s:8:\"required\";b:1;s:5:\"class\";a:1:{i:0;s:14:\"form-row-first\";}s:12:\"autocomplete\";s:10:\"given-name\";s:8:\"priority\";i:10;}s:17:\"billing_last_name\";a:5:{s:5:\"label\";s:9:\"Last name\";s:8:\"required\";b:1;s:5:\"class\";a:1:{i:0;s:13:\"form-row-last\";}s:12:\"autocomplete\";s:11:\"family-name\";s:8:\"priority\";i:20;}s:15:\"billing_company\";a:5:{s:5:\"label\";s:12:\"Company name\";s:5:\"class\";a:1:{i:0;s:13:\"form-row-wide\";}s:12:\"autocomplete\";s:12:\"organization\";s:8:\"priority\";i:30;s:8:\"required\";b:0;}s:15:\"billing_country\";a:6:{s:4:\"type\";s:7:\"country\";s:5:\"label\";s:7:\"Country\";s:8:\"required\";b:1;s:5:\"class\";a:3:{i:0;s:13:\"form-row-wide\";i:1;s:13:\"address-field\";i:2;s:23:\"update_totals_on_change\";}s:12:\"autocomplete\";s:7:\"country\";s:8:\"priority\";i:40;}s:17:\"billing_address_1\";a:6:{s:5:\"label\";s:14:\"Street address\";s:11:\"placeholder\";s:28:\"House number and street name\";s:8:\"required\";b:1;s:5:\"class\";a:2:{i:0;s:13:\"form-row-wide\";i:1;s:13:\"address-field\";}s:12:\"autocomplete\";s:13:\"address-line1\";s:8:\"priority\";i:50;}s:17:\"billing_address_2\";a:7:{s:5:\"label\";s:27:\"Apartment, suite, unit etc.\";s:11:\"label_class\";a:1:{i:0;s:18:\"screen-reader-text\";}s:11:\"placeholder\";s:38:\"Apartment, suite, unit etc. (optional)\";s:5:\"class\";a:2:{i:0;s:13:\"form-row-wide\";i:1;s:13:\"address-field\";}s:12:\"autocomplete\";s:13:\"address-line2\";s:8:\"priority\";i:60;s:8:\"required\";b:0;}s:12:\"billing_city\";a:5:{s:5:\"label\";s:11:\"Town \/ City\";s:8:\"required\";b:1;s:5:\"class\";a:2:{i:0;s:13:\"form-row-wide\";i:1;s:13:\"address-field\";}s:12:\"autocomplete\";s:14:\"address-level2\";s:8:\"priority\";i:70;}s:13:\"billing_state\";a:8:{s:4:\"type\";s:5:\"state\";s:5:\"label\";s:14:\"State \/ County\";s:8:\"required\";b:1;s:5:\"class\";a:2:{i:0;s:13:\"form-row-wide\";i:1;s:13:\"address-field\";}s:8:\"validate\";a:1:{i:0;s:5:\"state\";}s:12:\"autocomplete\";s:14:\"address-level1\";s:8:\"priority\";i:80;s:13:\"country_field\";s:15:\"billing_country\";}s:16:\"billing_postcode\";a:6:{s:5:\"label\";s:14:\"Postcode \/ ZIP\";s:8:\"required\";b:1;s:5:\"class\";a:2:{i:0;s:13:\"form-row-wide\";i:1;s:13:\"address-field\";}s:8:\"validate\";a:1:{i:0;s:8:\"postcode\";}s:12:\"autocomplete\";s:11:\"postal-code\";s:8:\"priority\";i:90;}s:13:\"billing_phone\";a:7:{s:5:\"label\";s:5:\"Phone\";s:8:\"required\";b:1;s:4:\"type\";s:3:\"tel\";s:5:\"class\";a:1:{i:0;s:13:\"form-row-wide\";}s:8:\"validate\";a:1:{i:0;s:5:\"phone\";}s:12:\"autocomplete\";s:3:\"tel\";s:8:\"priority\";i:100;}s:13:\"billing_email\";a:7:{s:5:\"label\";s:13:\"Email address\";s:8:\"required\";b:1;s:4:\"type\";s:5:\"email\";s:5:\"class\";a:1:{i:0;s:13:\"form-row-wide\";}s:8:\"validate\";a:1:{i:0;s:5:\"email\";}s:12:\"autocomplete\";s:14:\"email username\";s:8:\"priority\";i:110;}}"],"wcf_fields_shipping":["a:9:{s:19:\"shipping_first_name\";a:5:{s:5:\"label\";s:10:\"First name\";s:8:\"required\";b:1;s:5:\"class\";a:1:{i:0;s:14:\"form-row-first\";}s:12:\"autocomplete\";s:10:\"given-name\";s:8:\"priority\";i:10;}s:18:\"shipping_last_name\";a:5:{s:5:\"label\";s:9:\"Last name\";s:8:\"required\";b:1;s:5:\"class\";a:1:{i:0;s:13:\"form-row-last\";}s:12:\"autocomplete\";s:11:\"family-name\";s:8:\"priority\";i:20;}s:16:\"shipping_company\";a:5:{s:5:\"label\";s:12:\"Company name\";s:5:\"class\";a:1:{i:0;s:13:\"form-row-wide\";}s:12:\"autocomplete\";s:12:\"organization\";s:8:\"priority\";i:30;s:8:\"required\";b:0;}s:16:\"shipping_country\";a:6:{s:4:\"type\";s:7:\"country\";s:5:\"label\";s:7:\"Country\";s:8:\"required\";b:1;s:5:\"class\";a:3:{i:0;s:13:\"form-row-wide\";i:1;s:13:\"address-field\";i:2;s:23:\"update_totals_on_change\";}s:12:\"autocomplete\";s:7:\"country\";s:8:\"priority\";i:40;}s:18:\"shipping_address_1\";a:6:{s:5:\"label\";s:14:\"Street address\";s:11:\"placeholder\";s:28:\"House number and street name\";s:8:\"required\";b:1;s:5:\"class\";a:2:{i:0;s:13:\"form-row-wide\";i:1;s:13:\"address-field\";}s:12:\"autocomplete\";s:13:\"address-line1\";s:8:\"priority\";i:50;}s:18:\"shipping_address_2\";a:7:{s:5:\"label\";s:27:\"Apartment, suite, unit etc.\";s:11:\"label_class\";a:1:{i:0;s:18:\"screen-reader-text\";}s:11:\"placeholder\";s:38:\"Apartment, suite, unit etc. (optional)\";s:5:\"class\";a:2:{i:0;s:13:\"form-row-wide\";i:1;s:13:\"address-field\";}s:12:\"autocomplete\";s:13:\"address-line2\";s:8:\"priority\";i:60;s:8:\"required\";b:0;}s:13:\"shipping_city\";a:5:{s:5:\"label\";s:11:\"Town \/ City\";s:8:\"required\";b:1;s:5:\"class\";a:2:{i:0;s:13:\"form-row-wide\";i:1;s:13:\"address-field\";}s:12:\"autocomplete\";s:14:\"address-level2\";s:8:\"priority\";i:70;}s:14:\"shipping_state\";a:8:{s:4:\"type\";s:5:\"state\";s:5:\"label\";s:14:\"State \/ County\";s:8:\"required\";b:1;s:5:\"class\";a:2:{i:0;s:13:\"form-row-wide\";i:1;s:13:\"address-field\";}s:8:\"validate\";a:1:{i:0;s:5:\"state\";}s:12:\"autocomplete\";s:14:\"address-level1\";s:8:\"priority\";i:80;s:13:\"country_field\";s:16:\"shipping_country\";}s:17:\"shipping_postcode\";a:6:{s:5:\"label\";s:14:\"Postcode \/ ZIP\";s:8:\"required\";b:1;s:5:\"class\";a:2:{i:0;s:13:\"form-row-wide\";i:1;s:13:\"address-field\";}s:8:\"validate\";a:1:{i:0;s:8:\"postcode\";}s:12:\"autocomplete\";s:11:\"postal-code\";s:8:\"priority\";i:90;}}"],"_elementor_edit_mode":["builder"],"_wp_page_template":["default"],"_astra_content_layout_flag":["disabled"],"site-post-title":["disabled"],"ast-title-bar-display":["disabled"],"ast-featured-img":["disabled"],"site-content-layout":["page-builder"],"site-sidebar-layout":["no-sidebar"],"_elementor_data":["[{\"id\":\"2fbcfd5f\",\"elType\":\"section\",\"settings\":{\"background_background\":\"classic\",\"background_overlay_background\":\"classic\",\"background_overlay_repeat\":\"no-repeat\",\"background_overlay_size\":\"initial\",\"background_overlay_opacity\":{\"unit\":\"px\",\"size\":0.1},\"border_radius\":{\"unit\":\"px\",\"top\":\"3\",\"right\":\"3\",\"bottom\":\"3\",\"left\":\"3\",\"isLinked\":true},\"padding\":{\"unit\":\"px\",\"top\":\"70\",\"right\":\"50\",\"bottom\":\"45\",\"left\":\"50\",\"isLinked\":false},\"padding_mobile\":{\"unit\":\"px\",\"top\":\"50\",\"right\":\"20\",\"bottom\":\"40\",\"left\":\"20\",\"isLinked\":false},\"shape_divider_bottom_color\":\"#f8f9fe\",\"shape_divider_bottom_width\":{\"unit\":\"%\",\"size\":300},\"shape_divider_top_color\":\"#f8f9fe\",\"shape_divider_top_width\":{\"unit\":\"%\",\"size\":100},\"shape_divider_top_height\":{\"unit\":\"px\",\"size\":500},\"padding_tablet\":{\"unit\":\"px\",\"top\":\"50\",\"right\":\"20\",\"bottom\":\"20\",\"left\":\"20\",\"isLinked\":false},\"background_overlay_image\":{\"url\":\"https:\\\/\\\/websitedemos.net\\\/organic-shop-02\\\/wp-content\\\/uploads\\\/sites\\\/465\\\/2019\\\/06\\\/leaves-free-img.png\",\"id\":2112},\"background_overlay_position\":\"bottom right\",\"background_overlay_bg_width\":{\"unit\":\"%\",\"size\":32,\"sizes\":[]},\"__globals__\":{\"background_color\":\"globals\\\/colors?id=astglobalcolor4\"}},\"elements\":[{\"id\":\"450da73a\",\"elType\":\"column\",\"settings\":{\"_column_size\":100,\"_inline_size\":null,\"padding_mobile\":{\"unit\":\"px\",\"top\":\"0\",\"right\":\"0\",\"bottom\":\"0\",\"left\":\"0\",\"isLinked\":false}},\"elements\":[{\"id\":\"62c8fd0\",\"elType\":\"section\",\"settings\":{\"structure\":\"20\"},\"elements\":[{\"id\":\"759fe40\",\"elType\":\"column\",\"settings\":{\"_column_size\":50,\"_inline_size\":63.305},\"elements\":[{\"id\":\"711177b\",\"elType\":\"widget\",\"settings\":{\"image\":{\"id\":4193,\"url\":\"https:\\\/\\\/websitedemos.net\\\/organic-shop-02\\\/wp-content\\\/uploads\\\/sites\\\/465\\\/2021\\\/03\\\/organic-products-hero.png\",\"alt\":\"\",\"source\":\"library\"},\"title_text\":\"Fresh Organic Products\",\"description_text\":\"Click edit button to change this text. Lorem ipsum dolor sit amet, consectetur adipiscing elit. Ut elit tellus, luctus nec.Click edit button to change this text.\",\"position\":\"left\",\"image_space\":{\"unit\":\"px\",\"size\":36},\"image_space_tablet\":{\"unit\":\"px\",\"size\":18},\"image_space_mobile\":{\"unit\":\"px\",\"size\":10},\"image_size\":{\"unit\":\"%\",\"size\":46},\"image_size_tablet\":{\"unit\":\"%\",\"size\":39},\"content_vertical_alignment\":\"middle\",\"title_bottom_space\":{\"unit\":\"px\",\"size\":13},\"title_bottom_space_mobile\":{\"unit\":\"px\",\"size\":4},\"title_typography_font_size\":{\"unit\":\"px\",\"size\":\"\"},\"title_typography_font_size_tablet\":{\"unit\":\"px\",\"size\":23},\"description_typography_font_size\":{\"unit\":\"px\",\"size\":\"\"},\"description_typography_font_size_tablet\":{\"unit\":\"px\",\"size\":14},\"description_typography_line_height\":{\"unit\":\"em\",\"size\":\"\"},\"description_typography_line_height_mobile\":{\"unit\":\"em\",\"size\":1.6},\"css_filters_brightness\":{\"unit\":\"px\",\"size\":116,\"sizes\":[]},\"css_filters_contrast\":{\"unit\":\"px\",\"size\":117,\"sizes\":[]},\"css_filters_saturate\":{\"unit\":\"px\",\"size\":129,\"sizes\":[]},\"css_filters_hue\":{\"unit\":\"px\",\"size\":73,\"sizes\":[]},\"_border_radius\":{\"unit\":\"px\",\"top\":\"5\",\"right\":\"5\",\"bottom\":\"5\",\"left\":\"5\",\"isLinked\":true}},\"elements\":[],\"widgetType\":\"image-box\"}],\"isInner\":true},{\"id\":\"406053e\",\"elType\":\"column\",\"settings\":{\"_column_size\":50,\"_inline_size\":36.695,\"padding\":{\"unit\":\"px\",\"top\":\"0\",\"right\":\"0\",\"bottom\":\"0\",\"left\":\"54\",\"isLinked\":false},\"padding_tablet\":{\"unit\":\"px\",\"top\":\"0\",\"right\":\"13\",\"bottom\":\"0\",\"left\":\"38\",\"isLinked\":false},\"padding_mobile\":{\"unit\":\"px\",\"top\":\"20\",\"right\":\"0\",\"bottom\":\"0\",\"left\":\"0\",\"isLinked\":false},\"content_position\":\"center\"},\"elements\":[{\"id\":\"e44336f\",\"elType\":\"widget\",\"settings\":{\"image\":{\"id\":2032,\"url\":\"https:\\\/\\\/websitedemos.net\\\/organic-shop-02\\\/wp-content\\\/uploads\\\/sites\\\/465\\\/2019\\\/06\\\/organic-badge-freeimg.png\"},\"title_text\":\"100% Organic!\",\"description_text\":\"Click edit button to change this text. Lorem ipsum dolor sit amet, consectetur.\",\"image_space\":{\"unit\":\"px\",\"size\":25},\"image_space_mobile\":{\"unit\":\"px\",\"size\":10},\"image_size\":{\"unit\":\"%\",\"size\":30},\"image_size_mobile\":{\"unit\":\"%\",\"size\":27},\"text_align\":\"left\",\"text_align_mobile\":\"center\",\"title_bottom_space\":{\"unit\":\"px\",\"size\":8},\"title_bottom_space_mobile\":{\"unit\":\"px\",\"size\":4},\"title_typography_font_size\":{\"unit\":\"px\",\"size\":\"\"},\"title_typography_font_size_tablet\":{\"unit\":\"px\",\"size\":16},\"description_typography_font_size\":{\"unit\":\"px\",\"size\":\"\"},\"description_typography_font_size_tablet\":{\"unit\":\"px\",\"size\":14},\"description_typography_line_height\":{\"unit\":\"em\",\"size\":\"\"},\"description_typography_line_height_mobile\":{\"unit\":\"em\",\"size\":1.6},\"title_typography_text_transform\":\"capitalize\",\"title_size\":\"h4\"},\"elements\":[],\"widgetType\":\"image-box\"}],\"isInner\":true}],\"isInner\":true}],\"isInner\":false}],\"isInner\":false},{\"id\":\"24aa699\",\"elType\":\"section\",\"settings\":{\"background_background\":\"classic\",\"margin\":{\"unit\":\"px\",\"top\":\"\",\"right\":0,\"bottom\":\"\",\"left\":0,\"isLinked\":true},\"padding\":{\"unit\":\"px\",\"top\":\"0\",\"right\":\"0\",\"bottom\":\"120\",\"left\":\"0\",\"isLinked\":false},\"margin_tablet\":{\"unit\":\"px\",\"top\":\"0\",\"right\":0,\"bottom\":\"0\",\"left\":0,\"isLinked\":false},\"padding_tablet\":{\"unit\":\"px\",\"top\":\"20\",\"right\":\"0\",\"bottom\":\"70\",\"left\":\"0\",\"isLinked\":false},\"padding_mobile\":{\"unit\":\"px\",\"top\":\"10\",\"right\":\"20\",\"bottom\":\"60\",\"left\":\"20\",\"isLinked\":false},\"background_overlay_background\":\"classic\",\"background_overlay_image\":{\"url\":\"https:\\\/\\\/websitedemos.net\\\/organic-shop-02\\\/wp-content\\\/uploads\\\/sites\\\/465\\\/2019\\\/06\\\/logo-leaf2-free-img.png\",\"id\":2137},\"background_overlay_position\":\"bottom left\",\"background_overlay_repeat\":\"no-repeat\",\"background_overlay_size\":\"auto\",\"background_overlay_opacity\":{\"unit\":\"px\",\"size\":0.11,\"sizes\":[]},\"__globals__\":{\"background_color\":\"globals\\\/colors?id=astglobalcolor4\"},\"content_width\":{\"unit\":\"px\",\"size\":1000,\"sizes\":[]}},\"elements\":[{\"id\":\"80da56a\",\"elType\":\"column\",\"settings\":{\"_column_size\":100,\"background_background\":\"classic\",\"border_radius\":{\"unit\":\"px\",\"top\":\"4\",\"right\":\"4\",\"bottom\":\"4\",\"left\":\"4\",\"isLinked\":true},\"box_shadow_box_shadow_type\":\"yes\",\"box_shadow_box_shadow\":{\"horizontal\":0,\"vertical\":0,\"blur\":30,\"spread\":0,\"color\":\"rgba(122,122,122,0.12)\"},\"padding\":{\"unit\":\"px\",\"top\":\"45\",\"right\":\"45\",\"bottom\":\"45\",\"left\":\"45\",\"isLinked\":true},\"padding_tablet\":{\"unit\":\"px\",\"top\":\"20\",\"right\":\"20\",\"bottom\":\"20\",\"left\":\"20\",\"isLinked\":true},\"padding_mobile\":{\"unit\":\"px\",\"top\":\"20\",\"right\":\"20\",\"bottom\":\"20\",\"left\":\"20\",\"isLinked\":true},\"margin_tablet\":{\"unit\":\"px\",\"top\":\"0\",\"right\":\"40\",\"bottom\":\"0\",\"left\":\"40\",\"isLinked\":false},\"margin_mobile\":{\"unit\":\"px\",\"top\":\"0\",\"right\":\"0\",\"bottom\":\"0\",\"left\":\"0\",\"isLinked\":false},\"__globals__\":{\"background_color\":\"globals\\\/colors?id=astglobalcolor5\"}},\"elements\":[{\"id\":\"e1bfdf1\",\"elType\":\"widget\",\"settings\":{\"btn_background_color_background\":\"classic\",\"button_background_hover_color_background\":\"classic\",\"__globals__\":{\"global_primary_color\":\"globals\\\/colors?id=astglobalcolor0\",\"global_text_color\":\"globals\\\/colors?id=astglobalcolor3\",\"heading_text_color\":\"globals\\\/colors?id=astglobalcolor2\",\"btn_background_color_color\":\"globals\\\/colors?id=astglobalcolor0\",\"button_background_hover_color_color\":\"globals\\\/colors?id=astglobalcolor1\"}},\"elements\":[],\"widgetType\":\"checkout-form\"}],\"isInner\":false}],\"isInner\":false}]"],"_elementor_version":["3.4.8"],"_elementor_template_type":["wp-post"],"wcf-checkout-layout":["modern-checkout"],"wcf-field-google-font-url":["\/\/fonts.googleapis.com\/css?family=Open+Sans|Merriweather:700"],"wcf-checkout-additional-fields":["yes"],"wcf-custom-checkout-fields":["no"],"wcf-show-coupon-field":["no"],"wcf-advance-options-fields":["yes"],"wcf-fields-skins":["default"],"wcf-input-field-size":["33px"],"wcf-input-button-size":["33px"],"wcf-active-tab":["wcf-checkout-style"],"wcf-billing_first_name":["yes"],"wcf-billing_last_name":["yes"],"wcf-billing_company":["yes"],"wcf-billing_country":["yes"],"wcf-billing_address_1":["yes"],"wcf-billing_address_2":["yes"],"wcf-billing_city":["yes"],"wcf-billing_state":["yes"],"wcf-billing_postcode":["yes"],"wcf-billing_phone":["yes"],"wcf-billing_email":["yes"],"wcf-shipping_first_name":["yes"],"wcf-shipping_last_name":["yes"],"wcf-shipping_company":["yes"],"wcf-shipping_country":["yes"],"wcf-shipping_address_1":["yes"],"wcf-shipping_address_2":["yes"],"wcf-shipping_city":["yes"],"wcf-shipping_state":["yes"],"wcf-shipping_postcode":["yes"],"wcf-order-bump":["no"],"wcf-order-bump-label":["Yes, I will take it!"],"wcf-order-bump-hl-text":["ONE TIME OFFER"],"wcf-order-bump-desc":["Lorem ipsum dolor sit amet, consectetur adipisicing elit. Aut, quod hic expedita consectetur vitae nulla sint adipisci cupiditate at. Commodi, dolore hic eaque tempora a repudiandae obcaecati deleniti mollitia possimus."],"wcf-primary-color":["#8bc34a"],"wcf-base-font-family":["'Open Sans', sans-serif"],"_thumbnail_id":["4489"],"_wp_old_slug":["checkout-2-2-2","checkout-page","organic-store-checkout","checkout-2","store-checkouts"],"_uabb_lite_converted":["yes"],"_edit_lock":["1639052750:34"],"_edit_last":["34"],"_yoast_wpseo_content_score":["30"],"wcf-checkout-products":["a:1:{i:0;a:1:{s:7:\"product\";s:3:\"242\";}}"],"wcf-input-font-family":[""],"wcf-input-font-weight":[""],"wcf-heading-font-family":["'Merriweather', serif"],"wcf-heading-font-weight":["700"],"wcf-base-font-weight":[null],"wcf-button-font-family":[""],"wcf-button-font-weight":[""],"wcf-heading-color":["#001524"],"wcf-section-bg-color":[null],"wcf-hl-bg-color":[""],"wcf-field-tb-padding":[""],"wcf-field-lr-padding":[""],"wcf-field-color":[""],"wcf-field-bg-color":[""],"wcf-field-border-color":[""],"wcf-box-border-color":[null],"wcf-field-label-color":[""],"wcf-submit-tb-padding":[""],"wcf-submit-lr-padding":[""],"wcf-submit-color":[""],"wcf-submit-hover-color":[""],"wcf-submit-bg-color":[""],"wcf-submit-bg-hover-color":[""],"wcf-submit-border-color":[""],"wcf-submit-border-hover-color":[""],"wcf-header-logo-image":[""],"wcf-header-logo-width":[""],"wcf-custom-script":[""],"theme-transparent-header-meta":["default"],"wcf-dynamic-css":[".wcf-embed-checkout-form { --wcf-primary-color: #8bc34a;--wcf-heading-color: #001524;--wcf-btn-bg-color: #8bc34a;--wcf-btn-bg-hover-color: #8bc34a;}\n\t.wcf-embed-checkout-form .wcf-checkout-header-image img{\n\t\twidth: px;\n\t}\n\t.wcf-embed-checkout-form .woocommerce #payment input[type=checkbox]:focus,\n\t.wcf-embed-checkout-form .woocommerce .woocommerce-shipping-fields [type='checkbox']:focus,\n\t.wcf-embed-checkout-form .woocommerce #payment input[type=radio]:checked:focus,\n\t.wcf-embed-checkout-form .woocommerce #payment input[type=radio]:not(:checked):focus{\n\t\tbox-shadow: 0 0 2px rgba( 139,195,74, .8);\n\t}\n\t\n\t.wcf-embed-checkout-form .woocommerce-checkout #payment div.payment_box{\n\t\tbackground-color: ;\n\t\tfont-family: ;\n\t    font-weight: ;\n\t}\n\n\t.wcf-embed-checkout-form #add_payment_method #payment div.payment_box::before,\n\t.wcf-embed-checkout-form .woocommerce-cart #payment div.payment_box::before,\n\t.wcf-embed-checkout-form .woocommerce-checkout #payment div.payment_box::before\n\t{\n\t    border-bottom-color: ;\n\t    border-right-color: transparent;\n\t    border-left-color: transparent;\n\t    border-top-color: transparent;\n\t    position: absolute;\n\t}\n\n\t.wcf-embed-checkout-form .woocommerce #payment [type='radio']:checked + label,\n\t.wcf-embed-checkout-form .woocommerce #payment [type='radio']:not(:checked) + label{\n\t\tfont-family: ;\n\t    font-weight: ;\n\t}\n\n\t.wcf-embed-checkout-form #order_review .wcf-custom-coupon-field input[type='text'],\n\t.wcf-embed-checkout-form .woocommerce form .form-row input.input-text,\n\t.wcf-embed-checkout-form .woocommerce form .form-row textarea,\n\t.wcf-embed-checkout-form .select2-container--default .select2-selection--single,\n\t.wcf-embed-checkout-form .woocommerce form .form-row select.select {\n\t\tborder-color: ;\n\t\tpadding-top: px;\n\t\tpadding-bottom: px;\n\t\tpadding-left: px;\n\t\tpadding-right: px;\n\t\tmin-height: 33px;\n\t\tfont-family: ;\n\t    font-weight: ;\n\t}\n\n\t.wcf-embed-checkout-form .woocommerce .col2-set .col-1,\n\t.wcf-embed-checkout-form .woocommerce .col2-set .col-2,\n\t.wcf-embed-checkout-form .woocommerce-checkout .shop_table,\n\t.wcf-embed-checkout-form .woocommerce-checkout #order_review_heading,\n\t.wcf-embed-checkout-form .woocommerce-checkout #payment,\n\t.wcf-embed-checkout-form .woocommerce form.checkout_coupon\n\t{\n\t\tbackground-color: ;\n\t\tborder-color: ;\n\t\tfont-family: ;\n\t    font-weight: ;\n\t}\n\n\t\n\t.wcf-embed-checkout-form .woocommerce form p.form-row label {\n\t\tfont-family: ;\n\t    font-weight: ;\n\t}\n\t.wcf-embed-checkout-form .woocommerce #payment button,\n\t.wcf-embed-checkout-form .woocommerce form.woocommerce-form-login .form-row button,\n\t.wcf-embed-checkout-form .woocommerce #order_review button.wcf-btn-small {\n\t\tpadding-top: px;\n\t\tpadding-bottom: px;\n\t\tpadding-left: px;\n\t\tpadding-right: px;\n\t\tborder-color: #8bc34a;\n\t\tmin-height: 33px;\n\t\tfont-family: ;\n\t    font-weight: ;\n\t}\n\t.wcf-embed-checkout-form .woocommerce-checkout form.woocommerce-form-login .button,\n\t.wcf-embed-checkout-form .woocommerce-checkout form.checkout_coupon .button{\n\t\tborder: 1px #8bc34a solid;\n\t\tmin-height: 33px;\n\t\tfont-family: ;\n\t    font-weight: ;\n\t}\n\t.wcf-embed-checkout-form .woocommerce-checkout form.login .button:hover,\n\t.wcf-embed-checkout-form .woocommerce-checkout form.checkout_coupon .button:hover,\n\t.wcf-embed-checkout-form .woocommerce #payment #place_order:hover,\n\t.wcf-embed-checkout-form .woocommerce #order_review button.wcf-btn-small:hover{\n\t\tborder-color: #8bc34a;\n\t}\n\t.wcf-embed-checkout-form.wcf-embed-checkout-form-modern-checkout .wcf-customer-info-main-wrapper h3,\n\t.wcf-embed-checkout-form .woocommerce h3,\n\t.wcf-embed-checkout-form .woocommerce h3 span,\n\t.wcf-embed-checkout-form .woocommerce-checkout #order_review_heading{\n\t\tfont-family: 'Merriweather', serif;\n\t    font-weight: 700;\n\t}\n\t.wcf-embed-checkout-form{\n\t    font-family: 'Open Sans', sans-serif;\n\t}\n\t\t.wcf-embed-checkout-form.wcf-embed-checkout-form-modern-checkout .woocommerce-checkout table.shop_table {\n\t\t\tbackground-color:  !important;\n\t\t}\n\t\t.wcf-embed-checkout-form.wcf-embed-checkout-form-modern-checkout .woocommerce-checkout #payment div.payment_box{\n\t\t\tbackground-color:  !important;\n\t\t}\n\t\timg.emoji, img.wp-smiley {}\n\t\t\t.wcf-embed-checkout-form .woocommerce #payment #place_order:before{\n\t\t\t\tcontent: \"\\e902\";\n\t\t\t\tfont-family: \"cartflows-icon\" !important;\n\t\t\t\tmargin-right: 10px;\n\t\t\t\tfont-size: 16px;\n\t\t\t\tfont-weight: 500;\n\t\t\t\ttop: 0px;\n    \t\t\tposition: relative;\n\t\t\t}"],"wcf-dynamic-css-version":["1675519308"],"_elementor_page_settings":["a:2:{s:21:\"background_background\";s:7:\"classic\";s:11:\"__globals__\";a:1:{s:16:\"background_color\";s:33:\"globals\/colors?id=astglobalcolor5\";}}"],"_elementor_page_assets":["a:0:{}"],"_yoast_wpseo_estimated-reading-time-minutes":["4"],"ast-main-header-display":["disabled"],"ast-hfb-above-header-display":["disabled"],"ast-hfb-below-header-display":["disabled"],"ast-hfb-mobile-header-display":["disabled"],"ast-breadcrumbs-content":["disabled"],"footer-sml-layout":["disabled"],"adv-header-id-meta":[""],"stick-header-meta":[""],"header-above-stick-meta":[""],"header-main-stick-meta":[""],"header-below-stick-meta":[""],"_elementor_controls_usage":["a:4:{s:9:\"image-box\";a:3:{s:5:\"count\";i:2;s:15:\"control_percent\";i:6;s:8:\"controls\";a:3:{s:7:\"content\";a:1:{s:13:\"section_image\";a:5:{s:5:\"image\";i:2;s:10:\"title_text\";i:2;s:16:\"description_text\";i:2;s:8:\"position\";i:1;s:10:\"title_size\";i:1;}}s:5:\"style\";a:2:{s:19:\"section_style_image\";a:10:{s:11:\"image_space\";i:2;s:18:\"image_space_tablet\";i:1;s:18:\"image_space_mobile\";i:2;s:10:\"image_size\";i:2;s:17:\"image_size_tablet\";i:1;s:22:\"css_filters_brightness\";i:1;s:20:\"css_filters_contrast\";i:1;s:20:\"css_filters_saturate\";i:1;s:15:\"css_filters_hue\";i:1;s:17:\"image_size_mobile\";i:1;}s:21:\"section_style_content\";a:12:{s:26:\"content_vertical_alignment\";i:1;s:18:\"title_bottom_space\";i:2;s:25:\"title_bottom_space_mobile\";i:2;s:26:\"title_typography_font_size\";i:2;s:33:\"title_typography_font_size_tablet\";i:2;s:32:\"description_typography_font_size\";i:2;s:39:\"description_typography_font_size_tablet\";i:2;s:34:\"description_typography_line_height\";i:2;s:41:\"description_typography_line_height_mobile\";i:2;s:10:\"text_align\";i:1;s:17:\"text_align_mobile\";i:1;s:31:\"title_typography_text_transform\";i:1;}}s:8:\"advanced\";a:1:{s:15:\"_section_border\";a:1:{s:14:\"_border_radius\";i:1;}}}}s:6:\"column\";a:3:{s:5:\"count\";i:4;s:15:\"control_percent\";i:3;s:8:\"controls\";a:3:{s:6:\"layout\";a:1:{s:6:\"layout\";a:2:{s:12:\"_inline_size\";i:3;s:16:\"content_position\";i:1;}}s:8:\"advanced\";a:1:{s:16:\"section_advanced\";a:5:{s:7:\"padding\";i:2;s:14:\"padding_tablet\";i:2;s:14:\"padding_mobile\";i:3;s:13:\"margin_tablet\";i:1;s:13:\"margin_mobile\";i:1;}}s:5:\"style\";a:2:{s:13:\"section_style\";a:1:{s:21:\"background_background\";i:1;}s:14:\"section_border\";a:3:{s:13:\"border_radius\";i:1;s:26:\"box_shadow_box_shadow_type\";i:1;s:21:\"box_shadow_box_shadow\";i:1;}}}}s:7:\"section\";a:3:{s:5:\"count\";i:3;s:15:\"control_percent\";i:4;s:8:\"controls\";a:3:{s:6:\"layout\";a:2:{s:17:\"section_structure\";a:1:{s:9:\"structure\";i:1;}s:14:\"section_layout\";a:1:{s:13:\"content_width\";i:1;}}s:5:\"style\";a:4:{s:18:\"section_background\";a:1:{s:21:\"background_background\";i:2;}s:26:\"section_background_overlay\";a:7:{s:29:\"background_overlay_background\";i:2;s:25:\"background_overlay_repeat\";i:2;s:23:\"background_overlay_size\";i:2;s:26:\"background_overlay_opacity\";i:2;s:24:\"background_overlay_image\";i:2;s:27:\"background_overlay_position\";i:2;s:27:\"background_overlay_bg_width\";i:1;}s:14:\"section_border\";a:1:{s:13:\"border_radius\";i:1;}s:21:\"section_shape_divider\";a:5:{s:26:\"shape_divider_bottom_color\";i:1;s:26:\"shape_divider_bottom_width\";i:1;s:23:\"shape_divider_top_color\";i:1;s:23:\"shape_divider_top_width\";i:1;s:24:\"shape_divider_top_height\";i:1;}}s:8:\"advanced\";a:1:{s:16:\"section_advanced\";a:5:{s:7:\"padding\";i:2;s:14:\"padding_mobile\";i:2;s:14:\"padding_tablet\";i:2;s:6:\"margin\";i:1;s:13:\"margin_tablet\";i:1;}}}}s:13:\"checkout-form\";a:3:{s:5:\"count\";i:1;s:15:\"control_percent\";i:0;s:8:\"controls\";a:1:{s:5:\"style\";a:1:{s:14:\"button_section\";a:2:{s:31:\"btn_background_color_background\";i:1;s:40:\"button_background_hover_color_background\";i:1;}}}}}"],"_elementor_css":["a:6:{s:4:\"time\";i:1646325041;s:5:\"fonts\";a:0:{}s:5:\"icons\";a:0:{}s:20:\"dynamic_elements_ids\";a:0:{}s:6:\"status\";s:4:\"file\";i:0;s:0:\"\";}"],"_uag_page_assets":["a:9:{s:3:\"css\";s:263:\".uag-blocks-common-selector{z-index:var(--z-index-desktop) !important}@media (max-width: 976px){.uag-blocks-common-selector{z-index:var(--z-index-tablet) !important}}@media (max-width: 767px){.uag-blocks-common-selector{z-index:var(--z-index-mobile) !important}}\n\";s:2:\"js\";s:0:\"\";s:18:\"current_block_list\";a:11:{i:0;s:24:\"woocommerce\/price-filter\";i:1;s:26:\"woocommerce\/product-search\";i:2;s:26:\"woocommerce\/active-filters\";i:3;s:32:\"woocommerce\/product-best-sellers\";i:4;s:30:\"woocommerce\/product-categories\";i:5;s:14:\"core\/page-list\";i:6;s:12:\"core\/heading\";i:7;s:14:\"core\/paragraph\";i:8;s:12:\"core\/columns\";i:9;s:11:\"core\/column\";i:10;s:10:\"core\/group\";}s:8:\"uag_flag\";b:0;s:11:\"uag_version\";s:10:\"1675519308\";s:6:\"gfonts\";a:0:{}s:10:\"gfonts_url\";s:0:\"\";s:12:\"gfonts_files\";a:0:{}s:14:\"uag_faq_layout\";b:0;}"],"_uag_css_file_name":["uag-css-2363-1675592411.css"]},"post_content":"\u003Cfigure\u003E\u003Cimg width=\"634\" height=\"543\" src=\"https:\/\/websitedemos.net\/organic-shop-02\/wp-content\/uploads\/sites\/465\/2021\/03\/organic-products-hero.png\" alt=\"\" loading=\"lazy\" \/\u003E\u003C\/figure\u003E\u003Ch3\u003EFresh Organic Products\u003C\/h3\u003E\u003Cp\u003EClick edit button to change this text. Lorem ipsum dolor sit amet, consectetur adipiscing elit. Ut elit tellus, luctus nec.Click edit button to change this text.\u003C\/p\u003E\t\t\n\t\t\t\u003Cfigure\u003E\u003Cimg width=\"194\" height=\"153\" src=\"https:\/\/websitedemos.net\/organic-shop-02\/wp-content\/uploads\/sites\/465\/2019\/06\/organic-badge-freeimg.png\" alt=\"\" loading=\"lazy\" \/\u003E\u003C\/figure\u003E\u003Ch4\u003E100% Organic!\u003C\/h4\u003E\u003Cp\u003EClick edit button to change this text. Lorem ipsum dolor sit amet, consectetur.\u003C\/p\u003E\t\t\n\u003C!-- CHECKOUT SHORTCODE --\u003E\n\u003Cform name=\"checkout\" method=\"post\" action=\"https:\/\/websitedemos.net\/organic-shop-02\/checkout\/\" enctype=\"multipart\/form-data\"\u003E\n\t\t\u003Ch3\u003EBilling details\u003C\/h3\u003E\n\t\t\u003Cp id=\"billing_first_name_field\" data-priority=\"10\"\u003E\u003Clabel for=\"billing_first_name\"\u003EFirst name&nbsp;\u003Cabbr title=\"required\"\u003E*\u003C\/abbr\u003E\u003C\/label\u003E\u003Cinput type=\"text\" name=\"billing_first_name\" id=\"billing_first_name\" placeholder=\"\"  value=\"\" autocomplete=\"given-name\" \/\u003E\u003C\/p\u003E\u003Cp id=\"billing_last_name_field\" data-priority=\"20\"\u003E\u003Clabel for=\"billing_last_name\"\u003ELast name&nbsp;\u003Cabbr title=\"required\"\u003E*\u003C\/abbr\u003E\u003C\/label\u003E\u003Cinput type=\"text\" name=\"billing_last_name\" id=\"billing_last_name\" placeholder=\"\"  value=\"\" autocomplete=\"family-name\" \/\u003E\u003C\/p\u003E\u003Cp id=\"billing_company_field\" data-priority=\"30\"\u003E\u003Clabel for=\"billing_company\"\u003ECompany name&nbsp;(optional)\u003C\/label\u003E\u003Cinput type=\"text\" name=\"billing_company\" id=\"billing_company\" placeholder=\"\"  value=\"\" autocomplete=\"organization\" \/\u003E\u003C\/p\u003E\u003Cp id=\"billing_country_field\" data-priority=\"40\"\u003E\u003Clabel for=\"billing_country\"\u003ECountry \/ Region&nbsp;\u003Cabbr title=\"required\"\u003E*\u003C\/abbr\u003E\u003C\/label\u003E\u003Cselect name=\"billing_country\" id=\"billing_country\" autocomplete=\"country\" data-placeholder=\"Select a country \/ region&hellip;\" data-label=\"Country \/ Region\"\u003E\u003Coption value=\"\"\u003ESelect a country \/ region&hellip;\u003C\/option\u003E\u003Coption value=\"AF\" \u003EAfghanistan\u003C\/option\u003E\u003Coption value=\"AX\" \u003E\u00c5land Islands\u003C\/option\u003E\u003Coption value=\"AL\" \u003EAlbania\u003C\/option\u003E\u003Coption value=\"DZ\" \u003EAlgeria\u003C\/option\u003E\u003Coption value=\"AS\" \u003EAmerican Samoa\u003C\/option\u003E\u003Coption value=\"AD\" \u003EAndorra\u003C\/option\u003E\u003Coption value=\"AO\" \u003EAngola\u003C\/option\u003E\u003Coption value=\"AI\" \u003EAnguilla\u003C\/option\u003E\u003Coption value=\"AQ\" \u003EAntarctica\u003C\/option\u003E\u003Coption value=\"AG\" \u003EAntigua and Barbuda\u003C\/option\u003E\u003Coption value=\"AR\" \u003EArgentina\u003C\/option\u003E\u003Coption value=\"AM\" \u003EArmenia\u003C\/option\u003E\u003Coption value=\"AW\" \u003EAruba\u003C\/option\u003E\u003Coption value=\"AU\" \u003EAustralia\u003C\/option\u003E\u003Coption value=\"AT\" \u003EAustria\u003C\/option\u003E\u003Coption value=\"AZ\" \u003EAzerbaijan\u003C\/option\u003E\u003Coption value=\"BS\" \u003EBahamas\u003C\/option\u003E\u003Coption value=\"BH\" \u003EBahrain\u003C\/option\u003E\u003Coption value=\"BD\" \u003EBangladesh\u003C\/option\u003E\u003Coption value=\"BB\" \u003EBarbados\u003C\/option\u003E\u003Coption value=\"BY\" \u003EBelarus\u003C\/option\u003E\u003Coption value=\"PW\" \u003EBelau\u003C\/option\u003E\u003Coption value=\"BE\" \u003EBelgium\u003C\/option\u003E\u003Coption value=\"BZ\" \u003EBelize\u003C\/option\u003E\u003Coption value=\"BJ\" \u003EBenin\u003C\/option\u003E\u003Coption value=\"BM\" \u003EBermuda\u003C\/option\u003E\u003Coption value=\"BT\" \u003EBhutan\u003C\/option\u003E\u003Coption value=\"BO\" \u003EBolivia\u003C\/option\u003E\u003Coption value=\"BQ\" \u003EBonaire, Saint Eustatius and Saba\u003C\/option\u003E\u003Coption value=\"BA\" \u003EBosnia and Herzegovina\u003C\/option\u003E\u003Coption value=\"BW\" \u003EBotswana\u003C\/option\u003E\u003Coption value=\"BV\" \u003EBouvet Island\u003C\/option\u003E\u003Coption value=\"BR\" \u003EBrazil\u003C\/option\u003E\u003Coption value=\"IO\" \u003EBritish Indian Ocean Territory\u003C\/option\u003E\u003Coption value=\"BN\" \u003EBrunei\u003C\/option\u003E\u003Coption value=\"BG\" \u003EBulgaria\u003C\/option\u003E\u003Coption value=\"BF\" \u003EBurkina Faso\u003C\/option\u003E\u003Coption value=\"BI\" \u003EBurundi\u003C\/option\u003E\u003Coption value=\"KH\" \u003ECambodia\u003C\/option\u003E\u003Coption value=\"CM\" \u003ECameroon\u003C\/option\u003E\u003Coption value=\"CA\" \u003ECanada\u003C\/option\u003E\u003Coption value=\"CV\" \u003ECape Verde\u003C\/option\u003E\u003Coption value=\"KY\" \u003ECayman Islands\u003C\/option\u003E\u003Coption value=\"CF\" \u003ECentral African Republic\u003C\/option\u003E\u003Coption value=\"TD\" \u003EChad\u003C\/option\u003E\u003Coption value=\"CL\" \u003EChile\u003C\/option\u003E\u003Coption value=\"CN\" \u003EChina\u003C\/option\u003E\u003Coption value=\"CX\" \u003EChristmas Island\u003C\/option\u003E\u003Coption value=\"CC\" \u003ECocos (Keeling) Islands\u003C\/option\u003E\u003Coption value=\"CO\" \u003EColombia\u003C\/option\u003E\u003Coption value=\"KM\" \u003EComoros\u003C\/option\u003E\u003Coption value=\"CG\" \u003ECongo (Brazzaville)\u003C\/option\u003E\u003Coption value=\"CD\" \u003ECongo (Kinshasa)\u003C\/option\u003E\u003Coption value=\"CK\" \u003ECook Islands\u003C\/option\u003E\u003Coption value=\"CR\" \u003ECosta Rica\u003C\/option\u003E\u003Coption value=\"HR\" \u003ECroatia\u003C\/option\u003E\u003Coption value=\"CU\" \u003ECuba\u003C\/option\u003E\u003Coption value=\"CW\" \u003ECura&ccedil;ao\u003C\/option\u003E\u003Coption value=\"CY\" \u003ECyprus\u003C\/option\u003E\u003Coption value=\"CZ\" \u003ECzech Republic\u003C\/option\u003E\u003Coption value=\"DK\" \u003EDenmark\u003C\/option\u003E\u003Coption value=\"DJ\" \u003EDjibouti\u003C\/option\u003E\u003Coption value=\"DM\" \u003EDominica\u003C\/option\u003E\u003Coption value=\"DO\" \u003EDominican Republic\u003C\/option\u003E\u003Coption value=\"EC\" \u003EEcuador\u003C\/option\u003E\u003Coption value=\"EG\" \u003EEgypt\u003C\/option\u003E\u003Coption value=\"SV\" \u003EEl Salvador\u003C\/option\u003E\u003Coption value=\"GQ\" \u003EEquatorial Guinea\u003C\/option\u003E\u003Coption value=\"ER\" \u003EEritrea\u003C\/option\u003E\u003Coption value=\"EE\" \u003EEstonia\u003C\/option\u003E\u003Coption value=\"ET\" \u003EEthiopia\u003C\/option\u003E\u003Coption value=\"FK\" \u003EFalkland Islands\u003C\/option\u003E\u003Coption value=\"FO\" \u003EFaroe Islands\u003C\/option\u003E\u003Coption value=\"FJ\" \u003EFiji\u003C\/option\u003E\u003Coption value=\"FI\" \u003EFinland\u003C\/option\u003E\u003Coption value=\"FR\" \u003EFrance\u003C\/option\u003E\u003Coption value=\"GF\" \u003EFrench Guiana\u003C\/option\u003E\u003Coption value=\"PF\" \u003EFrench Polynesia\u003C\/option\u003E\u003Coption value=\"TF\" \u003EFrench Southern Territories\u003C\/option\u003E\u003Coption value=\"GA\" \u003EGabon\u003C\/option\u003E\u003Coption value=\"GM\" \u003EGambia\u003C\/option\u003E\u003Coption value=\"GE\" \u003EGeorgia\u003C\/option\u003E\u003Coption value=\"DE\" \u003EGermany\u003C\/option\u003E\u003Coption value=\"GH\" \u003EGhana\u003C\/option\u003E\u003Coption value=\"GI\" \u003EGibraltar\u003C\/option\u003E\u003Coption value=\"GR\" \u003EGreece\u003C\/option\u003E\u003Coption value=\"GL\" \u003EGreenland\u003C\/option\u003E\u003Coption value=\"GD\" \u003EGrenada\u003C\/option\u003E\u003Coption value=\"GP\" \u003EGuadeloupe\u003C\/option\u003E\u003Coption value=\"GU\" \u003EGuam\u003C\/option\u003E\u003Coption value=\"GT\" \u003EGuatemala\u003C\/option\u003E\u003Coption value=\"GG\" \u003EGuernsey\u003C\/option\u003E\u003Coption value=\"GN\" \u003EGuinea\u003C\/option\u003E\u003Coption value=\"GW\" \u003EGuinea-Bissau\u003C\/option\u003E\u003Coption value=\"GY\" \u003EGuyana\u003C\/option\u003E\u003Coption value=\"HT\" \u003EHaiti\u003C\/option\u003E\u003Coption value=\"HM\" \u003EHeard Island and McDonald Islands\u003C\/option\u003E\u003Coption value=\"HN\" \u003EHonduras\u003C\/option\u003E\u003Coption value=\"HK\" \u003EHong Kong\u003C\/option\u003E\u003Coption value=\"HU\" \u003EHungary\u003C\/option\u003E\u003Coption value=\"IS\" \u003EIceland\u003C\/option\u003E\u003Coption value=\"IN\"  selected='selected'\u003EIndia\u003C\/option\u003E\u003Coption value=\"ID\" \u003EIndonesia\u003C\/option\u003E\u003Coption value=\"IR\" \u003EIran\u003C\/option\u003E\u003Coption value=\"IQ\" \u003EIraq\u003C\/option\u003E\u003Coption value=\"IE\" \u003EIreland\u003C\/option\u003E\u003Coption value=\"IM\" \u003EIsle of Man\u003C\/option\u003E\u003Coption value=\"IL\" \u003EIsrael\u003C\/option\u003E\u003Coption value=\"IT\" \u003EItaly\u003C\/option\u003E\u003Coption value=\"CI\" \u003EIvory Coast\u003C\/option\u003E\u003Coption value=\"JM\" \u003EJamaica\u003C\/option\u003E\u003Coption value=\"JP\" \u003EJapan\u003C\/option\u003E\u003Coption value=\"JE\" \u003EJersey\u003C\/option\u003E\u003Coption value=\"JO\" \u003EJordan\u003C\/option\u003E\u003Coption value=\"KZ\" \u003EKazakhstan\u003C\/option\u003E\u003Coption value=\"KE\" \u003EKenya\u003C\/option\u003E\u003Coption value=\"KI\" \u003EKiribati\u003C\/option\u003E\u003Coption value=\"KW\" \u003EKuwait\u003C\/option\u003E\u003Coption value=\"KG\" \u003EKyrgyzstan\u003C\/option\u003E\u003Coption value=\"LA\" \u003ELaos\u003C\/option\u003E\u003Coption value=\"LV\" \u003ELatvia\u003C\/option\u003E\u003Coption value=\"LB\" \u003ELebanon\u003C\/option\u003E\u003Coption value=\"LS\" \u003ELesotho\u003C\/option\u003E\u003Coption value=\"LR\" \u003ELiberia\u003C\/option\u003E\u003Coption value=\"LY\" \u003ELibya\u003C\/option\u003E\u003Coption value=\"LI\" \u003ELiechtenstein\u003C\/option\u003E\u003Coption value=\"LT\" \u003ELithuania\u003C\/option\u003E\u003Coption value=\"LU\" \u003ELuxembourg\u003C\/option\u003E\u003Coption value=\"MO\" \u003EMacao\u003C\/option\u003E\u003Coption value=\"MG\" \u003EMadagascar\u003C\/option\u003E\u003Coption value=\"MW\" \u003EMalawi\u003C\/option\u003E\u003Coption value=\"MY\" \u003EMalaysia\u003C\/option\u003E\u003Coption value=\"MV\" \u003EMaldives\u003C\/option\u003E\u003Coption value=\"ML\" \u003EMali\u003C\/option\u003E\u003Coption value=\"MT\" \u003EMalta\u003C\/option\u003E\u003Coption value=\"MH\" \u003EMarshall Islands\u003C\/option\u003E\u003Coption value=\"MQ\" \u003EMartinique\u003C\/option\u003E\u003Coption value=\"MR\" \u003EMauritania\u003C\/option\u003E\u003Coption value=\"MU\" \u003EMauritius\u003C\/option\u003E\u003Coption value=\"YT\" \u003EMayotte\u003C\/option\u003E\u003Coption value=\"MX\" \u003EMexico\u003C\/option\u003E\u003Coption value=\"FM\" \u003EMicronesia\u003C\/option\u003E\u003Coption value=\"MD\" \u003EMoldova\u003C\/option\u003E\u003Coption value=\"MC\" \u003EMonaco\u003C\/option\u003E\u003Coption value=\"MN\" \u003EMongolia\u003C\/option\u003E\u003Coption value=\"ME\" \u003EMontenegro\u003C\/option\u003E\u003Coption value=\"MS\" \u003EMontserrat\u003C\/option\u003E\u003Coption value=\"MA\" \u003EMorocco\u003C\/option\u003E\u003Coption value=\"MZ\" \u003EMozambique\u003C\/option\u003E\u003Coption value=\"MM\" \u003EMyanmar\u003C\/option\u003E\u003Coption value=\"NA\" \u003ENamibia\u003C\/option\u003E\u003Coption value=\"NR\" \u003ENauru\u003C\/option\u003E\u003Coption value=\"NP\" \u003ENepal\u003C\/option\u003E\u003Coption value=\"NL\" \u003ENetherlands\u003C\/option\u003E\u003Coption value=\"NC\" \u003ENew Caledonia\u003C\/option\u003E\u003Coption value=\"NZ\" \u003ENew Zealand\u003C\/option\u003E\u003Coption value=\"NI\" \u003ENicaragua\u003C\/option\u003E\u003Coption value=\"NE\" \u003ENiger\u003C\/option\u003E\u003Coption value=\"NG\" \u003ENigeria\u003C\/option\u003E\u003Coption value=\"NU\" \u003ENiue\u003C\/option\u003E\u003Coption value=\"NF\" \u003ENorfolk Island\u003C\/option\u003E\u003Coption value=\"KP\" \u003ENorth Korea\u003C\/option\u003E\u003Coption value=\"MK\" \u003ENorth Macedonia\u003C\/option\u003E\u003Coption value=\"MP\" \u003ENorthern Mariana Islands\u003C\/option\u003E\u003Coption value=\"NO\" \u003ENorway\u003C\/option\u003E\u003Coption value=\"OM\" \u003EOman\u003C\/option\u003E\u003Coption value=\"PK\" \u003EPakistan\u003C\/option\u003E\u003Coption value=\"PS\" \u003EPalestinian Territory\u003C\/option\u003E\u003Coption value=\"PA\" \u003EPanama\u003C\/option\u003E\u003Coption value=\"PG\" \u003EPapua New Guinea\u003C\/option\u003E\u003Coption value=\"PY\" \u003EParaguay\u003C\/option\u003E\u003Coption value=\"PE\" \u003EPeru\u003C\/option\u003E\u003Coption value=\"PH\" \u003EPhilippines\u003C\/option\u003E\u003Coption value=\"PN\" \u003EPitcairn\u003C\/option\u003E\u003Coption value=\"PL\" \u003EPoland\u003C\/option\u003E\u003Coption value=\"PT\" \u003EPortugal\u003C\/option\u003E\u003Coption value=\"PR\" \u003EPuerto Rico\u003C\/option\u003E\u003Coption value=\"QA\" \u003EQatar\u003C\/option\u003E\u003Coption value=\"RE\" \u003EReunion\u003C\/option\u003E\u003Coption value=\"RO\" \u003ERomania\u003C\/option\u003E\u003Coption value=\"RU\" \u003ERussia\u003C\/option\u003E\u003Coption value=\"RW\" \u003ERwanda\u003C\/option\u003E\u003Coption value=\"ST\" \u003ES&atilde;o Tom&eacute; and Pr&iacute;ncipe\u003C\/option\u003E\u003Coption value=\"BL\" \u003ESaint Barth&eacute;lemy\u003C\/option\u003E\u003Coption value=\"SH\" \u003ESaint Helena\u003C\/option\u003E\u003Coption value=\"KN\" \u003ESaint Kitts and Nevis\u003C\/option\u003E\u003Coption value=\"LC\" \u003ESaint Lucia\u003C\/option\u003E\u003Coption value=\"SX\" \u003ESaint Martin (Dutch part)\u003C\/option\u003E\u003Coption value=\"MF\" \u003ESaint Martin (French part)\u003C\/option\u003E\u003Coption value=\"PM\" \u003ESaint Pierre and Miquelon\u003C\/option\u003E\u003Coption value=\"VC\" \u003ESaint Vincent and the Grenadines\u003C\/option\u003E\u003Coption value=\"WS\" \u003ESamoa\u003C\/option\u003E\u003Coption value=\"SM\" \u003ESan Marino\u003C\/option\u003E\u003Coption value=\"SA\" \u003ESaudi Arabia\u003C\/option\u003E\u003Coption value=\"SN\" \u003ESenegal\u003C\/option\u003E\u003Coption value=\"RS\" \u003ESerbia\u003C\/option\u003E\u003Coption value=\"SC\" \u003ESeychelles\u003C\/option\u003E\u003Coption value=\"SL\" \u003ESierra Leone\u003C\/option\u003E\u003Coption value=\"SG\" \u003ESingapore\u003C\/option\u003E\u003Coption value=\"SK\" \u003ESlovakia\u003C\/option\u003E\u003Coption value=\"SI\" \u003ESlovenia\u003C\/option\u003E\u003Coption value=\"SB\" \u003ESolomon Islands\u003C\/option\u003E\u003Coption value=\"SO\" \u003ESomalia\u003C\/option\u003E\u003Coption value=\"ZA\" \u003ESouth Africa\u003C\/option\u003E\u003Coption value=\"GS\" \u003ESouth Georgia\/Sandwich Islands\u003C\/option\u003E\u003Coption value=\"KR\" \u003ESouth Korea\u003C\/option\u003E\u003Coption value=\"SS\" \u003ESouth Sudan\u003C\/option\u003E\u003Coption value=\"ES\" \u003ESpain\u003C\/option\u003E\u003Coption value=\"LK\" \u003ESri Lanka\u003C\/option\u003E\u003Coption value=\"SD\" \u003ESudan\u003C\/option\u003E\u003Coption value=\"SR\" \u003ESuriname\u003C\/option\u003E\u003Coption value=\"SJ\" \u003ESvalbard and Jan Mayen\u003C\/option\u003E\u003Coption value=\"SZ\" \u003ESwaziland\u003C\/option\u003E\u003Coption value=\"SE\" \u003ESweden\u003C\/option\u003E\u003Coption value=\"CH\" \u003ESwitzerland\u003C\/option\u003E\u003Coption value=\"SY\" \u003ESyria\u003C\/option\u003E\u003Coption value=\"TW\" \u003ETaiwan\u003C\/option\u003E\u003Coption value=\"TJ\" \u003ETajikistan\u003C\/option\u003E\u003Coption value=\"TZ\" \u003ETanzania\u003C\/option\u003E\u003Coption value=\"TH\" \u003EThailand\u003C\/option\u003E\u003Coption value=\"TL\" \u003ETimor-Leste\u003C\/option\u003E\u003Coption value=\"TG\" \u003ETogo\u003C\/option\u003E\u003Coption value=\"TK\" \u003ETokelau\u003C\/option\u003E\u003Coption value=\"TO\" \u003ETonga\u003C\/option\u003E\u003Coption value=\"TT\" \u003ETrinidad and Tobago\u003C\/option\u003E\u003Coption value=\"TN\" \u003ETunisia\u003C\/option\u003E\u003Coption value=\"TR\" \u003ETurkey\u003C\/option\u003E\u003Coption value=\"TM\" \u003ETurkmenistan\u003C\/option\u003E\u003Coption value=\"TC\" \u003ETurks and Caicos Islands\u003C\/option\u003E\u003Coption value=\"TV\" \u003ETuvalu\u003C\/option\u003E\u003Coption value=\"UG\" \u003EUganda\u003C\/option\u003E\u003Coption value=\"UA\" \u003EUkraine\u003C\/option\u003E\u003Coption value=\"AE\" \u003EUnited Arab Emirates\u003C\/option\u003E\u003Coption value=\"GB\" \u003EUnited Kingdom (UK)\u003C\/option\u003E\u003Coption value=\"US\" \u003EUnited States (US)\u003C\/option\u003E\u003Coption value=\"UM\" \u003EUnited States (US) Minor Outlying Islands\u003C\/option\u003E\u003Coption value=\"UY\" \u003EUruguay\u003C\/option\u003E\u003Coption value=\"UZ\" \u003EUzbekistan\u003C\/option\u003E\u003Coption value=\"VU\" \u003EVanuatu\u003C\/option\u003E\u003Coption value=\"VA\" \u003EVatican\u003C\/option\u003E\u003Coption value=\"VE\" \u003EVenezuela\u003C\/option\u003E\u003Coption value=\"VN\" \u003EVietnam\u003C\/option\u003E\u003Coption value=\"VG\" \u003EVirgin Islands (British)\u003C\/option\u003E\u003Coption value=\"VI\" \u003EVirgin Islands (US)\u003C\/option\u003E\u003Coption value=\"WF\" \u003EWallis and Futuna\u003C\/option\u003E\u003Coption value=\"EH\" \u003EWestern Sahara\u003C\/option\u003E\u003Coption value=\"YE\" \u003EYemen\u003C\/option\u003E\u003Coption value=\"ZM\" \u003EZambia\u003C\/option\u003E\u003Coption value=\"ZW\" \u003EZimbabwe\u003C\/option\u003E\u003C\/select\u003E\u003Cnoscript\u003E\u003Cbutton type=\"submit\" name=\"woocommerce_checkout_update_totals\" value=\"Update country \/ region\"\u003EUpdate country \/ region\u003C\/button\u003E\u003C\/noscript\u003E\u003C\/p\u003E\u003Cp id=\"billing_address_1_field\" data-priority=\"50\"\u003E\u003Clabel for=\"billing_address_1\"\u003EStreet address&nbsp;\u003Cabbr title=\"required\"\u003E*\u003C\/abbr\u003E\u003C\/label\u003E\u003Cinput type=\"text\" name=\"billing_address_1\" id=\"billing_address_1\" placeholder=\"House number and street name\"  value=\"\" autocomplete=\"address-line1\" \/\u003E\u003C\/p\u003E\u003Cp id=\"billing_address_2_field\" data-priority=\"60\"\u003E\u003Clabel for=\"billing_address_2\"\u003EApartment, suite, unit, etc.&nbsp;(optional)\u003C\/label\u003E\u003Cinput type=\"text\" name=\"billing_address_2\" id=\"billing_address_2\" placeholder=\"Apartment, suite, unit, etc. (optional)\"  value=\"\" autocomplete=\"address-line2\" \/\u003E\u003C\/p\u003E\u003Cp id=\"billing_city_field\" data-priority=\"70\"\u003E\u003Clabel for=\"billing_city\"\u003ETown \/ City&nbsp;\u003Cabbr title=\"required\"\u003E*\u003C\/abbr\u003E\u003C\/label\u003E\u003Cinput type=\"text\" name=\"billing_city\" id=\"billing_city\" placeholder=\"\"  value=\"\" autocomplete=\"address-level2\" \/\u003E\u003C\/p\u003E\u003Cp id=\"billing_state_field\" data-priority=\"80\"\u003E\u003Clabel for=\"billing_state\"\u003EState&nbsp;\u003Cabbr title=\"required\"\u003E*\u003C\/abbr\u003E\u003C\/label\u003E\u003Cselect name=\"billing_state\" id=\"billing_state\" autocomplete=\"address-level1\" data-placeholder=\"Select an option&hellip;\"  data-input-classes=\"\" data-label=\"State\"\u003E\n\t\t\t\t\t\t\u003Coption value=\"\"\u003ESelect an option&hellip;\u003C\/option\u003E\u003Coption value=\"AP\" \u003EAndhra Pradesh\u003C\/option\u003E\u003Coption value=\"AR\" \u003EArunachal Pradesh\u003C\/option\u003E\u003Coption value=\"AS\" \u003EAssam\u003C\/option\u003E\u003Coption value=\"BR\" \u003EBihar\u003C\/option\u003E\u003Coption value=\"CT\" \u003EChhattisgarh\u003C\/option\u003E\u003Coption value=\"GA\" \u003EGoa\u003C\/option\u003E\u003Coption value=\"GJ\" \u003EGujarat\u003C\/option\u003E\u003Coption value=\"HR\" \u003EHaryana\u003C\/option\u003E\u003Coption value=\"HP\" \u003EHimachal Pradesh\u003C\/option\u003E\u003Coption value=\"JK\" \u003EJammu and Kashmir\u003C\/option\u003E\u003Coption value=\"JH\" \u003EJharkhand\u003C\/option\u003E\u003Coption value=\"KA\" \u003EKarnataka\u003C\/option\u003E\u003Coption value=\"KL\" \u003EKerala\u003C\/option\u003E\u003Coption value=\"LA\" \u003ELadakh\u003C\/option\u003E\u003Coption value=\"MP\" \u003EMadhya Pradesh\u003C\/option\u003E\u003Coption value=\"MH\" \u003EMaharashtra\u003C\/option\u003E\u003Coption value=\"MN\" \u003EManipur\u003C\/option\u003E\u003Coption value=\"ML\" \u003EMeghalaya\u003C\/option\u003E\u003Coption value=\"MZ\" \u003EMizoram\u003C\/option\u003E\u003Coption value=\"NL\" \u003ENagaland\u003C\/option\u003E\u003Coption value=\"OR\" \u003EOdisha\u003C\/option\u003E\u003Coption value=\"PB\" \u003EPunjab\u003C\/option\u003E\u003Coption value=\"RJ\" \u003ERajasthan\u003C\/option\u003E\u003Coption value=\"SK\" \u003ESikkim\u003C\/option\u003E\u003Coption value=\"TN\" \u003ETamil Nadu\u003C\/option\u003E\u003Coption value=\"TS\" \u003ETelangana\u003C\/option\u003E\u003Coption value=\"TR\" \u003ETripura\u003C\/option\u003E\u003Coption value=\"UK\" \u003EUttarakhand\u003C\/option\u003E\u003Coption value=\"UP\" \u003EUttar Pradesh\u003C\/option\u003E\u003Coption value=\"WB\" \u003EWest Bengal\u003C\/option\u003E\u003Coption value=\"AN\" \u003EAndaman and Nicobar Islands\u003C\/option\u003E\u003Coption value=\"CH\" \u003EChandigarh\u003C\/option\u003E\u003Coption value=\"DN\" \u003EDadra and Nagar Haveli\u003C\/option\u003E\u003Coption value=\"DD\" \u003EDaman and Diu\u003C\/option\u003E\u003Coption value=\"DL\" \u003EDelhi\u003C\/option\u003E\u003Coption value=\"LD\" \u003ELakshadeep\u003C\/option\u003E\u003Coption value=\"PY\" \u003EPondicherry (Puducherry)\u003C\/option\u003E\u003C\/select\u003E\u003C\/p\u003E\u003Cp id=\"billing_postcode_field\" data-priority=\"90\"\u003E\u003Clabel for=\"billing_postcode\"\u003EPIN&nbsp;\u003Cabbr title=\"required\"\u003E*\u003C\/abbr\u003E\u003C\/label\u003E\u003Cinput type=\"text\" name=\"billing_postcode\" id=\"billing_postcode\" placeholder=\"\"  value=\"\" autocomplete=\"postal-code\" \/\u003E\u003C\/p\u003E\u003Cp id=\"billing_phone_field\" data-priority=\"100\"\u003E\u003Clabel for=\"billing_phone\"\u003EPhone&nbsp;\u003Cabbr title=\"required\"\u003E*\u003C\/abbr\u003E\u003C\/label\u003E\u003Cinput type=\"tel\" name=\"billing_phone\" id=\"billing_phone\" placeholder=\"\"  value=\"\" autocomplete=\"tel\" \/\u003E\u003C\/p\u003E\u003Cp id=\"billing_email_field\" data-priority=\"110\"\u003E\u003Clabel for=\"billing_email\"\u003EEmail address&nbsp;\u003Cabbr title=\"required\"\u003E*\u003C\/abbr\u003E\u003C\/label\u003E\u003Cinput type=\"email\" name=\"billing_email\" id=\"billing_email\" placeholder=\"\"  value=\"rishabhm@bsf.io\" autocomplete=\"email\" \/\u003E\u003C\/p\u003E\t\n\t\t\t\u003Ch3\u003EAdditional information\u003C\/h3\u003E\n\t\t\t\t\t\t\t\u003Cp id=\"order_comments_field\" data-priority=\"\"\u003E\u003Clabel for=\"order_comments\"\u003EOrder notes&nbsp;(optional)\u003C\/label\u003E\u003Ctextarea name=\"order_comments\" id=\"order_comments\" placeholder=\"Notes about your order, e.g. special notes for delivery.\"  rows=\"2\" cols=\"5\"\u003E\u003C\/textarea\u003E\u003C\/p\u003E\t\t\t\t\t\n\t\u003Cinput type=\"hidden\" name=\"_wcf_flow_id\" value=\"2359\"\u003E\u003Cinput type=\"hidden\" name=\"_wcf_checkout_id\" value=\"2363\"\u003E\n\t\u003Ch3 id=\"order_review_heading\"\u003EYour order\u003C\/h3\u003E\n\t\t\u003Ctable\u003E\n\t\u003Cthead\u003E\n\t\t\u003Ctr\u003E\n\t\t\t\u003Cth\u003EProduct\u003C\/th\u003E\n\t\t\t\u003Cth\u003ESubtotal\u003C\/th\u003E\n\t\t\u003C\/tr\u003E\n\t\u003C\/thead\u003E\n\t\u003Ctbody\u003E\n\t\t\t\t\t\t\u003Ctr\u003E\n\t\t\t\t\t\u003Ctd\u003E\n\t\t\t\t\t\tFresh Orange Juice&nbsp;\t\t\t\t\t\t \u003Cstrong\u003E&times;&nbsp;1\u003C\/strong\u003E\t\t\t\t\t\t\t\t\t\t\t\u003C\/td\u003E\n\t\t\t\t\t\u003Ctd\u003E\n\t\t\t\t\t\t\u003Cbdi\u003E&pound;18.00\u003C\/bdi\u003E\t\t\t\t\t\u003C\/td\u003E\n\t\t\t\t\u003C\/tr\u003E\n\t\t\t\t\t\u003C\/tbody\u003E\n\t\u003Ctfoot\u003E\n\t\t\u003Ctr\u003E\n\t\t\t\u003Cth\u003ESubtotal\u003C\/th\u003E\n\t\t\t\u003Ctd\u003E\u003Cbdi\u003E&pound;18.00\u003C\/bdi\u003E\u003C\/td\u003E\n\t\t\u003C\/tr\u003E\n\t\t\u003Ctr\u003E\n\t\t\t\u003Cth\u003ETotal\u003C\/th\u003E\n\t\t\t\u003Ctd\u003E\u003Cstrong\u003E\u003Cbdi\u003E&pound;18.00\u003C\/bdi\u003E\u003C\/strong\u003E \u003C\/td\u003E\n\t\t\u003C\/tr\u003E\n\t\u003C\/tfoot\u003E\n\u003C\/table\u003E\n\t\t\t\t\t\u003Cinput type=\"text\" name=\"coupon_code\" placeholder=\"Coupon Code\" id=\"coupon_code\" value=\"\"\u003E\n\t\t\t\t\t\u003Cbutton type=\"button\" name=\"apply_coupon\" value=\"Apply\"\u003EApply\u003C\/button\u003E\n\t\t\t\u003Cul\u003E\n\t\t\t\u003Cli\u003E\n\t\u003Cinput id=\"payment_method_cheque\" type=\"radio\" name=\"payment_method\" value=\"cheque\"  checked='checked' data-order_button_text=\"\" \/\u003E\n\t\u003Clabel for=\"payment_method_cheque\"\u003E\n\t\tCheck payments \t\u003C\/label\u003E\n\t\t\t\u003Cp\u003EPlease send a check to Store Name, Store Street, Store Town, Store State \/ County, Store Postcode.\u003C\/p\u003E\n\t\u003C\/li\u003E\n\u003Cli\u003E\n\t\u003Cinput id=\"payment_method_cod\" type=\"radio\" name=\"payment_method\" value=\"cod\"  data-order_button_text=\"\" \/\u003E\n\t\u003Clabel for=\"payment_method_cod\"\u003E\n\t\tCash on delivery \t\u003C\/label\u003E\n\t\t\t\u003Cp\u003EPay with cash upon delivery.\u003C\/p\u003E\n\t\u003C\/li\u003E\n\t\t\u003C\/ul\u003E\n\t\t\u003Cnoscript\u003E\n\t\t\tSince your browser does not support JavaScript, or it is disabled, please ensure you click the \u003Cem\u003EUpdate Totals\u003C\/em\u003E button before placing your order. You may be charged more than the amount stated above if you fail to do so.\t\t\t\u003Cbr\/\u003E\u003Cbutton type=\"submit\" name=\"woocommerce_checkout_update_totals\" value=\"Update totals\"\u003EUpdate totals\u003C\/button\u003E\n\t\t\u003C\/noscript\u003E\n\t\t\u003Cbutton type=\"submit\" name=\"woocommerce_checkout_place_order\" id=\"place_order\" value=\"Place order\" data-value=\"Place order\"\u003EPlace order\u003C\/button\u003E\n\t\t\u003Cinput type=\"hidden\" id=\"woocommerce-process-checkout-nonce\" name=\"woocommerce-process-checkout-nonce\" value=\"46030bb24e\" \/\u003E\u003Cinput type=\"hidden\" name=\"_wp_http_referer\" value=\"\/organic-shop-02\/wp-admin\/admin-ajax.php?brainstormforce=pTXyytedV9E9TFhT\" \/\u003E\t\n\u003C\/form\u003E\n\u003C!-- END CHECKOUT SHORTCODE --\u003E"},{"title":"Thank You Page","type":"thankyou","meta":{"cartflows_imported_step":["yes"],"wcf-flow-id":["2359"],"wcf-step-type":["thankyou"],"enable-to-import":["1"],"_wp_page_template":["default"],"site-sidebar-layout":["no-sidebar"],"site-content-layout":["page-builder"],"_elementor_edit_mode":["builder"],"_astra_content_layout_flag":["disabled"],"site-post-title":["disabled"],"ast-title-bar-display":["disabled"],"ast-featured-img":["disabled"],"_elementor_template_type":["wp-post"],"_elementor_data":["[{\"id\":\"4c8de1cf\",\"elType\":\"section\",\"settings\":{\"background_background\":\"classic\",\"border_width\":{\"unit\":\"px\",\"top\":\"1\",\"right\":\"1\",\"bottom\":\"1\",\"left\":\"1\",\"isLinked\":true},\"border_color\":\"#e2e2e2\",\"border_radius\":{\"unit\":\"px\",\"top\":\"3\",\"right\":\"3\",\"bottom\":\"3\",\"left\":\"3\",\"isLinked\":true},\"padding\":{\"unit\":\"px\",\"top\":\"40\",\"right\":\"0\",\"bottom\":\"30\",\"left\":\"0\",\"isLinked\":false},\"margin\":{\"unit\":\"px\",\"top\":\"0\",\"right\":0,\"bottom\":\"0\",\"left\":0,\"isLinked\":false},\"content_width\":{\"unit\":\"px\",\"size\":800,\"sizes\":[]},\"__globals__\":{\"background_color\":\"globals\\\/colors?id=astglobalcolor4\"},\"padding_tablet\":{\"unit\":\"px\",\"top\":\"40\",\"right\":\"30\",\"bottom\":\"40\",\"left\":\"30\",\"isLinked\":false},\"padding_mobile\":{\"unit\":\"px\",\"top\":\"60\",\"right\":\"20\",\"bottom\":\"60\",\"left\":\"20\",\"isLinked\":false}},\"elements\":[{\"id\":\"2ac6c08e\",\"elType\":\"column\",\"settings\":{\"_column_size\":100,\"_inline_size\":null,\"padding_tablet\":{\"unit\":\"px\",\"top\":\"0\",\"right\":\"0\",\"bottom\":\"0\",\"left\":\"0\",\"isLinked\":false}},\"elements\":[{\"id\":\"d706b65\",\"elType\":\"widget\",\"settings\":{\"image\":{\"url\":\"https:\\\/\\\/websitedemos.net\\\/organic-shop-02\\\/wp-content\\\/uploads\\\/sites\\\/465\\\/2019\\\/06\\\/organic-store-logo5.svg\",\"id\":2470,\"alt\":\"\",\"source\":\"library\"},\"title_text\":\"You Are Now a Part of Our Organic Movement!\",\"description_text\":\"Click edit button to change this text. Lorem ipsum dolor sit amet, consectetur adipiscing elit. Ut elit tellus, luctus nec ullamcorper mattis, pulvinar dapibus leo.\",\"image_space\":{\"unit\":\"px\",\"size\":20,\"sizes\":[]},\"image_size\":{\"unit\":\"%\",\"size\":16,\"sizes\":[]},\"title_bottom_space\":{\"unit\":\"px\",\"size\":7},\"title_typography_font_size\":{\"unit\":\"px\",\"size\":\"\"},\"description_typography_font_size\":{\"unit\":\"px\",\"size\":\"\"},\"description_typography_line_height\":{\"unit\":\"em\",\"size\":\"\"},\"title_typography_font_size_tablet\":{\"unit\":\"px\",\"size\":25,\"sizes\":[]},\"title_typography_font_size_mobile\":{\"unit\":\"px\",\"size\":22,\"sizes\":[]},\"image_space_mobile\":{\"unit\":\"px\",\"size\":30,\"sizes\":[]},\"image_size_mobile\":{\"unit\":\"%\",\"size\":50,\"sizes\":[]}},\"elements\":[],\"widgetType\":\"image-box\"}],\"isInner\":false}],\"isInner\":false},{\"id\":\"3a5e2486\",\"elType\":\"section\",\"settings\":{\"background_position\":\"bottom right\",\"background_repeat\":\"no-repeat\",\"background_overlay_background\":\"classic\",\"background_overlay_image\":{\"url\":\"https:\\\/\\\/websitedemos.net\\\/organic-shop-02\\\/wp-content\\\/uploads\\\/sites\\\/465\\\/2019\\\/06\\\/leaves-free-img.png\",\"id\":2112},\"background_overlay_position\":\"bottom right\",\"background_overlay_repeat\":\"no-repeat\",\"background_overlay_size\":\"initial\",\"background_overlay_opacity\":{\"unit\":\"px\",\"size\":0.1,\"sizes\":[]},\"padding\":{\"unit\":\"px\",\"top\":\"40\",\"right\":\"0\",\"bottom\":\"40\",\"left\":\"0\",\"isLinked\":false},\"background_overlay_bg_width\":{\"unit\":\"%\",\"size\":36,\"sizes\":[]},\"padding_mobile\":{\"unit\":\"px\",\"top\":\"60\",\"right\":\"20\",\"bottom\":\"60\",\"left\":\"20\",\"isLinked\":false},\"content_width\":{\"unit\":\"px\",\"size\":900,\"sizes\":[]}},\"elements\":[{\"id\":\"4e969f9f\",\"elType\":\"column\",\"settings\":{\"_column_size\":100,\"background_background\":\"classic\",\"padding\":{\"unit\":\"px\",\"top\":\"50\",\"right\":\"50\",\"bottom\":\"50\",\"left\":\"50\",\"isLinked\":true},\"padding_mobile\":{\"unit\":\"px\",\"top\":\"20\",\"right\":\"20\",\"bottom\":\"20\",\"left\":\"20\",\"isLinked\":true}},\"elements\":[{\"id\":\"4a1d5fb8\",\"elType\":\"widget\",\"settings\":{\"shortcode\":\"[cartflows_order_details]\"},\"elements\":[],\"widgetType\":\"shortcode\"}],\"isInner\":false}],\"isInner\":false},{\"id\":\"34ba3a8\",\"elType\":\"section\",\"settings\":{\"background_background\":\"classic\",\"background_color_b\":\"#f7f7f8\",\"margin\":{\"unit\":\"px\",\"top\":\"0\",\"right\":0,\"bottom\":\"0\",\"left\":0,\"isLinked\":false},\"padding\":{\"unit\":\"px\",\"top\":\"70\",\"right\":\"0\",\"bottom\":\"70\",\"left\":\"0\",\"isLinked\":false},\"padding_tablet\":{\"unit\":\"px\",\"top\":\"60\",\"right\":\"30\",\"bottom\":\"60\",\"left\":\"30\",\"isLinked\":false},\"background_position\":\"center center\",\"background_overlay_color\":\"#f7f7f8\",\"background_overlay_opacity\":{\"unit\":\"px\",\"size\":0.95},\"margin_tablet\":{\"unit\":\"px\",\"top\":\"0\",\"right\":0,\"bottom\":\"0\",\"left\":0,\"isLinked\":false},\"margin_mobile\":{\"unit\":\"px\",\"top\":\"0\",\"right\":0,\"bottom\":\"0\",\"left\":0,\"isLinked\":false},\"padding_mobile\":{\"unit\":\"px\",\"top\":\"60\",\"right\":\"20\",\"bottom\":\"60\",\"left\":\"20\",\"isLinked\":false},\"content_position\":\"middle\",\"content_width\":{\"unit\":\"px\",\"size\":800,\"sizes\":[]},\"__globals__\":{\"background_color\":\"globals\\\/colors?id=astglobalcolor2\"}},\"elements\":[{\"id\":\"b7e3bb6\",\"elType\":\"column\",\"settings\":{\"_column_size\":100,\"_inline_size\":null,\"padding_tablet\":{\"unit\":\"px\",\"top\":\"0\",\"right\":\"0\",\"bottom\":\"0\",\"left\":\"0\",\"isLinked\":false},\"padding_mobile\":{\"unit\":\"px\",\"top\":\"0\",\"right\":\"0\",\"bottom\":\"0\",\"left\":\"0\",\"isLinked\":true},\"margin_tablet\":{\"unit\":\"px\",\"top\":\"0\",\"right\":\"0\",\"bottom\":\"0\",\"left\":\"0\",\"isLinked\":false},\"margin_mobile\":{\"unit\":\"px\",\"top\":\"0\",\"right\":\"0\",\"bottom\":\"0\",\"left\":\"0\",\"isLinked\":false}},\"elements\":[{\"id\":\"b243b86\",\"elType\":\"widget\",\"settings\":{\"icon\":\"\",\"title_text\":\"Download Our Mobile App\",\"description_text\":\"Molestiae reiciendis neque arcu! Tempor reprehenderit accusantium quibusdam iste accusan.\",\"title_typography_font_size\":{\"unit\":\"px\",\"size\":\"\"},\"text_align\":\"center\",\"text_align_tablet\":\"center\",\"_margin\":{\"unit\":\"px\",\"top\":\"0\",\"right\":\"0\",\"bottom\":\"0\",\"left\":\"0\",\"isLinked\":false},\"title_bottom_space\":{\"unit\":\"px\",\"size\":15},\"_padding\":{\"unit\":\"px\",\"top\":\"0\",\"right\":\"0\",\"bottom\":\"20\",\"left\":\"0\",\"isLinked\":false},\"_padding_mobile\":{\"unit\":\"px\",\"top\":\"0\",\"right\":\"0\",\"bottom\":\"0\",\"left\":\"0\",\"isLinked\":false},\"title_bottom_space_tablet\":{\"unit\":\"px\",\"size\":10,\"sizes\":[]},\"description_typography_font_size_tablet\":{\"unit\":\"px\",\"size\":14,\"sizes\":[]},\"_padding_tablet\":{\"unit\":\"px\",\"top\":\"0\",\"right\":\"0\",\"bottom\":\"10\",\"left\":\"0\",\"isLinked\":false},\"text_align_mobile\":\"center\",\"title_typography_font_size_mobile\":{\"unit\":\"px\",\"size\":20,\"sizes\":[]},\"_margin_tablet\":{\"unit\":\"px\",\"top\":\"0\",\"right\":\"0\",\"bottom\":\"0\",\"left\":\"0\",\"isLinked\":false},\"_margin_mobile\":{\"unit\":\"px\",\"top\":\"0\",\"right\":\"0\",\"bottom\":\"0\",\"left\":\"0\",\"isLinked\":false},\"selected_icon\":{\"value\":\"\",\"library\":\"\"},\"icon_space\":{\"unit\":\"px\",\"size\":0,\"sizes\":[]},\"__globals__\":{\"title_color\":\"globals\\\/colors?id=astglobalcolor5\",\"description_color\":\"globals\\\/colors?id=astglobalcolor4\"}},\"elements\":[],\"widgetType\":\"icon-box\"},{\"id\":\"5cec18b\",\"elType\":\"section\",\"settings\":{\"structure\":\"20\"},\"elements\":[{\"id\":\"035f51d\",\"elType\":\"column\",\"settings\":{\"_column_size\":50,\"_inline_size\":null,\"padding\":{\"unit\":\"px\",\"top\":\"0\",\"right\":\"0\",\"bottom\":\"0\",\"left\":\"0\",\"isLinked\":false},\"margin_tablet\":{\"unit\":\"px\",\"top\":\"0\",\"right\":\"0\",\"bottom\":\"0\",\"left\":\"0\",\"isLinked\":false},\"padding_tablet\":{\"unit\":\"px\",\"top\":\"0\",\"right\":\"0\",\"bottom\":\"0\",\"left\":\"0\",\"isLinked\":false},\"_inline_size_mobile\":50},\"elements\":[{\"id\":\"9cd73f8\",\"elType\":\"widget\",\"settings\":{\"image\":{\"url\":\"https:\\\/\\\/websitedemos.net\\\/organic-shop-02\\\/wp-content\\\/uploads\\\/sites\\\/465\\\/2019\\\/06\\\/app-store.png\",\"id\":1855},\"align\":\"right\",\"width\":{\"unit\":\"%\",\"size\":40,\"sizes\":[]},\"opacity\":{\"unit\":\"px\",\"size\":1,\"sizes\":[]},\"css_filters_saturate\":{\"unit\":\"px\",\"size\":34,\"sizes\":[]},\"css_filters_hue\":{\"unit\":\"px\",\"size\":46,\"sizes\":[]},\"_margin\":{\"unit\":\"px\",\"top\":\"0\",\"right\":\"10\",\"bottom\":\"0\",\"left\":\"0\",\"isLinked\":false},\"width_tablet\":{\"unit\":\"%\",\"size\":45,\"sizes\":[]},\"align_mobile\":\"right\",\"width_mobile\":{\"unit\":\"%\",\"size\":80,\"sizes\":[]},\"hover_animation\":\"shrink\",\"_margin_tablet\":{\"unit\":\"px\",\"top\":\"0\",\"right\":\"5\",\"bottom\":\"0\",\"left\":\"0\",\"isLinked\":false}},\"elements\":[],\"widgetType\":\"image\"}],\"isInner\":true},{\"id\":\"c7d336b\",\"elType\":\"column\",\"settings\":{\"_column_size\":50,\"_inline_size\":null,\"margin\":{\"unit\":\"px\",\"top\":\"0\",\"right\":\"0\",\"bottom\":\"0\",\"left\":\"0\",\"isLinked\":false},\"padding\":{\"unit\":\"px\",\"top\":\"0\",\"right\":\"0\",\"bottom\":\"0\",\"left\":\"0\",\"isLinked\":false},\"margin_tablet\":{\"unit\":\"px\",\"top\":\"0\",\"right\":\"0\",\"bottom\":\"0\",\"left\":\"5\",\"isLinked\":false},\"_inline_size_mobile\":50},\"elements\":[{\"id\":\"ddf6ed0\",\"elType\":\"widget\",\"settings\":{\"image\":{\"url\":\"https:\\\/\\\/websitedemos.net\\\/organic-shop-02\\\/wp-content\\\/uploads\\\/sites\\\/465\\\/2019\\\/06\\\/play-store.png\",\"id\":1857},\"align\":\"left\",\"width\":{\"unit\":\"%\",\"size\":38,\"sizes\":[]},\"_margin\":{\"unit\":\"px\",\"top\":\"0\",\"right\":\"0\",\"bottom\":\"0\",\"left\":\"10\",\"isLinked\":false},\"width_tablet\":{\"unit\":\"%\",\"size\":45,\"sizes\":[]},\"align_mobile\":\"left\",\"width_mobile\":{\"unit\":\"%\",\"size\":80,\"sizes\":[]},\"opacity\":{\"unit\":\"px\",\"size\":1,\"sizes\":[]},\"css_filters_saturate\":{\"unit\":\"px\",\"size\":34,\"sizes\":[]},\"css_filters_hue\":{\"unit\":\"px\",\"size\":46,\"sizes\":[]},\"hover_animation\":\"shrink\"},\"elements\":[],\"widgetType\":\"image\"}],\"isInner\":true}],\"isInner\":true}],\"isInner\":false}],\"isInner\":false}]"],"_elementor_version":["3.4.8"],"_thumbnail_id":["4471"],"wcf-active-tab":["wcf-thankyou-design"],"wcf-tq-advance-options-fields":["yes"],"wcf-show-overview-section":["yes"],"wcf-show-details-section":["yes"],"wcf-show-billing-section":["yes"],"wcf-show-shipping-section":["yes"],"_wp_old_slug":["thank-you-page-18"],"wcf-tq-font-family":["'Open Sans', sans-serif"],"wcf-tq-font-wt":["400"],"wcf-tq-heading-font-family":["'Merriweather', serif"],"wcf-tq-heading-font-wt":["700"],"_uabb_lite_converted":["yes"],"_edit_lock":["1639052758:34"],"_edit_last":["34"],"_yoast_wpseo_content_score":["90"],"wcf-field-google-font-url":["\/\/fonts.googleapis.com\/css?family=Open+Sans|Merriweather:700"],"wcf-tq-text-color":[""],"wcf-tq-heading-color":[""],"wcf-tq-container-width":[""],"wcf-tq-section-bg-color":["#f7f7f7"],"wcf-custom-script":["Your order has been received."],"theme-transparent-header-meta":["default"],"wcf-dynamic-css":["\n\t\n.wcf-thankyou-wrap{\n\t\tcolor: ;\n\t\tfont-family: 'Open Sans', sans-serif;\n\t\tmax-width:px;\n\t\tfont-size: px;\n\t}\n\n\t.woocommerce-order h2.woocommerce-column__title, \n\t.woocommerce-order h2.woocommerce-order-details__title, \n\t.woocommerce-order .woocommerce-thankyou-order-received,\n\t.woocommerce-order-details h2,\n\t.woocommerce-order h2.wc-bacs-bank-details-heading,\n\t.woocommerce-order h2.woocommerce-order-downloads__title {\n\t\tcolor: ;\n\t\tfont-family: 'Merriweather', serif;\n\t\tfont-weight: 700;\n\t}\n\n\t.woocommerce-order ul.order_details,\n\t.woocommerce-order .woocommerce-order-details,\n\t.woocommerce-order .woocommerce-customer-details,\n\t.woocommerce-order .woocommerce-bacs-bank-details,\n\t.woocommerce-order .woocommerce-order-downloads{\n\t\tbackground-color: #f7f7f7\n\t}\n\timg.emoji, img.wp-smiley {}\n\t"],"wcf-dynamic-css-version":["1646366374"],"_elementor_page_settings":["a:2:{s:21:\"background_background\";s:7:\"classic\";s:11:\"__globals__\";a:1:{s:16:\"background_color\";s:33:\"globals\/colors?id=astglobalcolor5\";}}"],"_elementor_page_assets":["a:1:{s:6:\"styles\";a:2:{i:0;s:12:\"e-animations\";i:1;s:12:\"e-animations\";}}"],"_yoast_wpseo_estimated-reading-time-minutes":["1"],"ast-main-header-display":["disabled"],"ast-hfb-above-header-display":["disabled"],"ast-hfb-below-header-display":["disabled"],"ast-hfb-mobile-header-display":["disabled"],"ast-breadcrumbs-content":["disabled"],"footer-sml-layout":["disabled"],"adv-header-id-meta":[""],"stick-header-meta":[""],"header-above-stick-meta":[""],"header-main-stick-meta":[""],"header-below-stick-meta":[""],"_elementor_controls_usage":["a:6:{s:9:\"image-box\";a:3:{s:5:\"count\";i:1;s:15:\"control_percent\";i:4;s:8:\"controls\";a:2:{s:7:\"content\";a:1:{s:13:\"section_image\";a:3:{s:5:\"image\";i:1;s:10:\"title_text\";i:1;s:16:\"description_text\";i:1;}}s:5:\"style\";a:2:{s:19:\"section_style_image\";a:4:{s:11:\"image_space\";i:1;s:10:\"image_size\";i:1;s:18:\"image_space_mobile\";i:1;s:17:\"image_size_mobile\";i:1;}s:21:\"section_style_content\";a:6:{s:18:\"title_bottom_space\";i:1;s:26:\"title_typography_font_size\";i:1;s:32:\"description_typography_font_size\";i:1;s:34:\"description_typography_line_height\";i:1;s:33:\"title_typography_font_size_tablet\";i:1;s:33:\"title_typography_font_size_mobile\";i:1;}}}}s:6:\"column\";a:3:{s:5:\"count\";i:5;s:15:\"control_percent\";i:2;s:8:\"controls\";a:3:{s:6:\"layout\";a:1:{s:6:\"layout\";a:2:{s:12:\"_inline_size\";i:4;s:19:\"_inline_size_mobile\";i:2;}}s:8:\"advanced\";a:1:{s:16:\"section_advanced\";a:6:{s:14:\"padding_tablet\";i:3;s:7:\"padding\";i:3;s:14:\"padding_mobile\";i:2;s:13:\"margin_tablet\";i:3;s:6:\"margin\";i:1;s:13:\"margin_mobile\";i:1;}}s:5:\"style\";a:1:{s:13:\"section_style\";a:1:{s:21:\"background_background\";i:1;}}}}s:7:\"section\";a:3:{s:5:\"count\";i:4;s:15:\"control_percent\";i:4;s:8:\"controls\";a:3:{s:5:\"style\";a:3:{s:18:\"section_background\";a:4:{s:21:\"background_background\";i:2;s:19:\"background_position\";i:2;s:17:\"background_repeat\";i:1;s:18:\"background_color_b\";i:1;}s:14:\"section_border\";a:3:{s:12:\"border_width\";i:1;s:12:\"border_color\";i:1;s:13:\"border_radius\";i:1;}s:26:\"section_background_overlay\";a:8:{s:29:\"background_overlay_background\";i:1;s:24:\"background_overlay_image\";i:1;s:27:\"background_overlay_position\";i:1;s:25:\"background_overlay_repeat\";i:1;s:23:\"background_overlay_size\";i:1;s:26:\"background_overlay_opacity\";i:2;s:27:\"background_overlay_bg_width\";i:1;s:24:\"background_overlay_color\";i:1;}}s:8:\"advanced\";a:1:{s:16:\"section_advanced\";a:6:{s:7:\"padding\";i:3;s:6:\"margin\";i:2;s:14:\"padding_tablet\";i:2;s:14:\"padding_mobile\";i:3;s:13:\"margin_tablet\";i:1;s:13:\"margin_mobile\";i:1;}}s:6:\"layout\";a:2:{s:14:\"section_layout\";a:2:{s:13:\"content_width\";i:3;s:16:\"content_position\";i:1;}s:17:\"section_structure\";a:1:{s:9:\"structure\";i:1;}}}}s:9:\"shortcode\";a:3:{s:5:\"count\";i:1;s:15:\"control_percent\";i:0;s:8:\"controls\";a:1:{s:7:\"content\";a:1:{s:17:\"section_shortcode\";a:1:{s:9:\"shortcode\";i:1;}}}}s:8:\"icon-box\";a:3:{s:5:\"count\";i:1;s:15:\"control_percent\";i:6;s:8:\"controls\";a:3:{s:7:\"content\";a:1:{s:12:\"section_icon\";a:3:{s:10:\"title_text\";i:1;s:16:\"description_text\";i:1;s:13:\"selected_icon\";i:1;}}s:5:\"style\";a:2:{s:21:\"section_style_content\";a:8:{s:26:\"title_typography_font_size\";i:1;s:10:\"text_align\";i:1;s:17:\"text_align_tablet\";i:1;s:18:\"title_bottom_space\";i:1;s:25:\"title_bottom_space_tablet\";i:1;s:39:\"description_typography_font_size_tablet\";i:1;s:17:\"text_align_mobile\";i:1;s:33:\"title_typography_font_size_mobile\";i:1;}s:18:\"section_style_icon\";a:1:{s:10:\"icon_space\";i:1;}}s:8:\"advanced\";a:1:{s:14:\"_section_style\";a:6:{s:7:\"_margin\";i:1;s:8:\"_padding\";i:1;s:15:\"_padding_mobile\";i:1;s:15:\"_padding_tablet\";i:1;s:14:\"_margin_tablet\";i:1;s:14:\"_margin_mobile\";i:1;}}}}s:5:\"image\";a:3:{s:5:\"count\";i:2;s:15:\"control_percent\";i:4;s:8:\"controls\";a:3:{s:7:\"content\";a:1:{s:13:\"section_image\";a:3:{s:5:\"image\";i:2;s:5:\"align\";i:2;s:12:\"align_mobile\";i:2;}}s:5:\"style\";a:1:{s:19:\"section_style_image\";a:7:{s:5:\"width\";i:2;s:7:\"opacity\";i:2;s:20:\"css_filters_saturate\";i:2;s:15:\"css_filters_hue\";i:2;s:12:\"width_tablet\";i:2;s:12:\"width_mobile\";i:2;s:15:\"hover_animation\";i:2;}}s:8:\"advanced\";a:1:{s:14:\"_section_style\";a:2:{s:7:\"_margin\";i:2;s:14:\"_margin_tablet\";i:1;}}}}}"],"_elementor_css":["a:6:{s:4:\"time\";i:1647068153;s:5:\"fonts\";a:0:{}s:5:\"icons\";a:1:{i:0;s:0:\"\";}s:20:\"dynamic_elements_ids\";a:0:{}s:6:\"status\";s:4:\"file\";i:0;s:0:\"\";}"]},"post_content":"\u003Cfigure\u003E\u003Cimg width=\"200\" height=\"94\" src=\"https:\/\/websitedemos.net\/organic-shop-02\/wp-content\/uploads\/sites\/465\/2019\/06\/organic-store-logo5.svg\" alt=\"\" loading=\"lazy\" \/\u003E\u003C\/figure\u003E\u003Ch3\u003EYou Are Now a Part of Our Organic Movement!\u003C\/h3\u003E\u003Cp\u003EClick edit button to change this text. Lorem ipsum dolor sit amet, consectetur adipiscing elit. Ut elit tellus, luctus nec ullamcorper mattis, pulvinar dapibus leo.\u003C\/p\u003E\t\t\n\t\t[cartflows_order_details]\t\t\n\t\t\t\t\u003Ch3\u003E\n\t\t\t\t\t\tDownload Our Mobile App\t\t\t\t\t\n\t\t\t\t\u003C\/h3\u003E\n\t\t\t\t\t\t\t\t\t\u003Cp\u003E\n\t\t\t\t\t\tMolestiae reiciendis neque arcu! Tempor reprehenderit accusantium quibusdam iste accusan.\t\t\t\t\t\u003C\/p\u003E\n\t\t\t\t\t\t\t\t\t\t\t\t\u003Cimg width=\"201\" height=\"60\" src=\"https:\/\/websitedemos.net\/organic-shop-02\/wp-content\/uploads\/sites\/465\/2019\/06\/app-store.png\" alt=\"\" loading=\"lazy\" \/\u003E\t\t\t\t\t\t\t\t\t\t\t\t\t\t\n\t\t\t\t\t\t\t\t\t\t\t\t\u003Cimg width=\"201\" height=\"60\" src=\"https:\/\/websitedemos.net\/organic-shop-02\/wp-content\/uploads\/sites\/465\/2019\/06\/play-store.png\" alt=\"\" loading=\"lazy\" \/\u003E"}]}]